carMake,carModel,carModelYear
Nissan,Nissan,2010
Audi,Ford,2007
Pontiac,Mitsubishi,2010
Volkswagen,Ford,2008
Mercury,Scion,1993
Subaru,Ford,2010
Volvo,GMC,1994
Pontiac,Chevrolet,2005
Mitsubishi,Dodge,1986
Chevrolet,Volkswagen,1996
Saturn,Infiniti,2003
Ford,Mercedes-Benz,2005
Ford,Porsche,1997
Ford,Lexus,2003
Lincoln,Chevrolet,1991
Ford,Mercedes-Benz,1997
Volkswagen,Nissan,2000
Ford,BMW,1984
Ford,Jaguar,1984
Oldsmobile,Nissan,1996
Dodge,Acura,2007
Mazda,Mazda,1988
Porsche,Lamborghini,1987
Cadillac,Dodge,2007
Cadillac,Ford,1997
Mercury,GMC,1995
Audi,GMC,2004
Jaguar,Lamborghini,2005
Audi,Nissan,2011
Jaguar,Ford,2003
BMW,BMW,2007
Maybach,GMC,2010
Mercury,Dodge,2004
Pontiac,Honda,1986
Volvo,Mercedes-Benz,2004
Ford,Rolls-Royce,1992
Mazda,Nissan,2010
Chevrolet,Chevrolet,2007
Hyundai,Subaru,2012
Chevrolet,GMC,2007
Cadillac,Subaru,2007
Ford,Chevrolet,2006
Nissan,Mitsubishi,2010
Honda,Cadillac,2012
Mercury,Mercedes-Benz,1984
Mitsubishi,Toyota,1992
Nissan,Acura,2008
Chevrolet,Chrysler,2005
Mitsubishi,Mitsubishi,2001
Ford,Pontiac,1992
Chevrolet,Oldsmobile,1993
Audi,BMW,1987
Ford,Toyota,1994
Oldsmobile,Toyota,1992
Chevrolet,Ford,1993
GMC,Ford,2005
Honda,Hyundai,1994
Maybach,Volvo,2005
Chrysler,Lincoln,1995
Land Rover,Mercedes-Benz,2005
Toyota,Nissan,2005
Mercedes-Benz,Honda,2004
Toyota,Ford,2002
Chevrolet,Lotus,2002
GMC,Dodge,1999
Dodge,Toyota,2010
Kia,Ford,2008
Infiniti,Nissan,2005
Ford,Chevrolet,1992
Mercedes-Benz,Nissan,2011
Pontiac,Jeep,2008
Toyota,Volkswagen,2001
Mercury,Mitsubishi,1996
Mercedes-Benz,Hyundai,1994
Dodge,Pontiac,2002
Ford,Mazda,1989
Volvo,Porsche,2006
Toyota,Suzuki,2003
Honda,Ford,2008
Maserati,Pontiac,2011
Volvo,Porsche,2002
Honda,Land Rover,1985
Suzuki,Hyundai,1991
Subaru,Mitsubishi,1998
Ford,Mitsubishi,2009
BMW,Kia,2010
Chevrolet,Saab,2012
Mazda,Volkswagen,1997
Ford,Volvo,1966
Chevrolet,Volkswagen,1999
Isuzu,Mercury,1998
Dodge,Ford,2006
Cadillac,Ford,1999
Kia,Toyota,2007
Mitsubishi,Pontiac,2003
Mazda,Mercury,1999
Maybach,Buick,2010
Acura,Audi,1996
Jaguar,Toyota,2011
Cadillac,Toyota,2006
Volvo,Subaru,2008
Chevrolet,Ford,2001
Chrysler,Toyota,2005
Subaru,Lexus,2010
Toyota,Lexus,1994
Lincoln,Chrysler,2006
Suzuki,Mercedes-Benz,2010
Mercedes-Benz,Chevrolet,2011
Buick,BMW,2005
Nissan,Nissan,1995
Dodge,Mercury,2003
Volkswagen,Pontiac,1998
Dodge,Lexus,1992
Mercedes-Benz,Lexus,2004
GMC,Land Rover,2002
Dodge,Mazda,1994
Mercedes-Benz,Acura,2002
Dodge,Chevrolet,1998
Pontiac,Buick,1962
Hyundai,BMW,2009
Mercedes-Benz,Bentley,1992
Oldsmobile,Infiniti,1993
Mitsubishi,GMC,1987
Shelby,Chevrolet,1969
Nissan,Cadillac,2003
Honda,Audi,2010
BMW,Plymouth,2006
Aston Martin,Mercury,2006
Volvo,Volkswagen,2011
Mitsubishi,Chevrolet,2006
Pontiac,Morgan,1999
Pontiac,Saab,1964
Chevrolet,Volkswagen,2002
Buick,Volvo,1999
Ford,Chevrolet,1998
Mazda,Dodge,1985
Mercedes-Benz,Saturn,1996
Lotus,Audi,2011
Cadillac,Bentley,2007
Volvo,Toyota,2008
Ford,Volvo,2012
Chrysler,BMW,1996
BMW,Mercedes-Benz,2004
Mitsubishi,Mitsubishi,1994
Volvo,Ford,2009
Saturn,Volkswagen,2009
Bugatti,Chrysler,2009
Lexus,Pontiac,1998
Pontiac,Suzuki,1993
Mitsubishi,Mazda,2003
Oldsmobile,Suzuki,1996
Chevrolet,Chevrolet,2003
Ford,Buick,2006
Chevrolet,Lexus,2008
Toyota,GMC,2012
Chevrolet,Infiniti,1992
Aston Martin,Dodge,2006
Nissan,Infiniti,2002
Alfa Romeo,Cadillac,1995
Mitsubishi,Lexus,1988
Oldsmobile,Lincoln,1998
Lincoln,Lincoln,1986
Mitsubishi,Suzuki,1995
Chevrolet,Honda,2010
BMW,Toyota,2010
Porsche,Aptera,2009
Isuzu,Chevrolet,2008
Toyota,Eagle,1994
Chrysler,Volkswagen,2010
Honda,Pontiac,2000
Volkswagen,Honda,1995
Lexus,Volvo,1997
Honda,Pontiac,1990
Porsche,Pontiac,2003
Dodge,Mazda,1998
Pontiac,Ford,1990
Kia,Mercedes-Benz,2009
Mitsubishi,Mercedes-Benz,1993
Dodge,Chevrolet,2010
Volkswagen,Buick,2003
Lexus,Dodge,2012
Mazda,Hyundai,1995
Mercedes-Benz,Chrysler,1992
Honda,Daewoo,2005
Subaru,Porsche,1999
Audi,Mitsubishi,2000
Ford,Chevrolet,1997
Pontiac,Volkswagen,1999
Dodge,Audi,2003
Dodge,Dodge,1993
Kia,Jeep,2008
Mercedes-Benz,Chevrolet,1992
Mercury,Buick,1984
Rolls-Royce,Mazda,2012
Land Rover,Peugeot,1996
GMC,Ford,1999
Saturn,Spyker,2009
Volkswagen,Kia,2009
Aston Martin,Saturn,2008
Chevrolet,Suzuki,1996
Cadillac,Toyota,2004
Ford,Dodge,2003
Bentley,Rolls-Royce,2010
Mazda,Ford,2007
Mercury,Volkswagen,1991
Lincoln,GMC,2004
Mazda,Ford,1990
Audi,Volkswagen,1987
Toyota,Infiniti,1996
Maserati,Chrysler,2009
Land Rover,Hyundai,1993
Volkswagen,Ford,2010
Chevrolet,BMW,1999
Ford,Isuzu,2013
Chrysler,Mercedes-Benz,1994
Bentley,Toyota,2006
GMC,Jaguar,1993
Ford,Saab,2000
Audi,Infiniti,1991
Nissan,Saturn,2011
Lotus,Oldsmobile,1993
Bentley,Toyota,2008
Jeep,Hyundai,2011
Pontiac,Saturn,2010
Chevrolet,Porsche,2013
Ford,Chevrolet,2003
Subaru,Subaru,1991
Porsche,Rolls-Royce,2005
Toyota,Plymouth,2010
Ford,Volkswagen,2006
MINI,BMW,2012
Chevrolet,Toyota,2009
Acura,Porsche,2000
Smart,Chevrolet,2010
Plymouth,Infiniti,1985
Mercedes-Benz,BMW,1997
Mercury,Mercedes-Benz,2008
Jeep,Toyota,1993
Hummer,Buick,1996
Volkswagen,Ford,2012
Bentley,Chevrolet,2006
Volkswagen,Chevrolet,1993
Infiniti,Ford,2011
Mitsubishi,Mercedes-Benz,2012
Chevrolet,Suzuki,1992
Lotus,GMC,2007
Honda,Toyota,1999
BMW,Toyota,1995
Chevrolet,Jaguar,2006
Acura,Isuzu,2006
Mercury,Honda,1993
Volvo,Dodge,2013
Nissan,Lamborghini,2009
Buick,Audi,2010
Mitsubishi,Lexus,2009
Land Rover,Audi,2011
Mitsubishi,Infiniti,1992
Ford,Toyota,2005
Dodge,Audi,2001
Mazda,Pontiac,2007
Subaru,Chevrolet,2011
Honda,Oldsmobile,2012
Mercury,Mazda,2006
Pontiac,BMW,2000
Volkswagen,Porsche,2010
Tesla,Subaru,2011
Mitsubishi,GMC,1991
Saturn,Porsche,2006
Hyundai,Chevrolet,2009
Dodge,Eagle,1995
Suzuki,Chevrolet,1993
Ford,Maserati,2006
Jaguar,Ford,2011
Toyota,Cadillac,2008
BMW,Chevrolet,2013
Volkswagen,Toyota,2010
Lamborghini,Mercedes-Benz,2008
BMW,Maserati,2002
Chevrolet,Dodge,1981
Pontiac,Lexus,2001
Pontiac,Chevrolet,1966
Scion,Dodge,2013
Toyota,Scion,1996
Chrysler,Lexus,2006
Ford,Audi,1998
Buick,Chevrolet,1992
Chevrolet,Dodge,1992
BMW,GMC,2007
Ford,Cadillac,2007
Toyota,Subaru,2012
Subaru,Geo,1989
Toyota,Mercedes-Benz,2004
Cadillac,Mercury,1997
Dodge,Toyota,1995
Mercedes-Benz,Saab,1998
Porsche,Suzuki,1999
Buick,Lamborghini,2005
Mitsubishi,Chevrolet,2001
Pontiac,Ford,1967
Chevrolet,Saab,1993
Pontiac,Maserati,1965
Ford,Nissan,1991
Nissan,Chevrolet,1998
Cadillac,GMC,1995
Geo,Hyundai,1996
GMC,Toyota,1994
Lexus,Toyota,2009
Volkswagen,Ford,1993
Jaguar,Ford,2002
Chrysler,Volvo,1992
Audi,BMW,2000
Mazda,Ford,1988
Porsche,Lamborghini,2010
Mazda,Chevrolet,1993
Pontiac,Jeep,1995
Mercury,Maserati,1984
Chrysler,Dodge,1996
Dodge,GMC,2002
Buick,Buick,1994
Chevrolet,Saab,2007
Dodge,Hummer,2009
Subaru,BMW,1998
Toyota,Porsche,2001
Oldsmobile,Lexus,2004
GMC,Toyota,2012
Toyota,Chevrolet,2005
BMW,BMW,2004
Hyundai,Toyota,2004
Mitsubishi,Audi,1997
Ram,Porsche,2011
Audi,Mazda,2002
GMC,Volkswagen,2000
Infiniti,Toyota,2008
Geo,Lexus,1993
Chevrolet,Audi,2002
Toyota,Volvo,1993
Mazda,Saturn,2007
Chrysler,Ford,1993
Volkswagen,Porsche,2006
Honda,Ford,2002
Suzuki,Chevrolet,1989
Chevrolet,Chevrolet,2004
BMW,Ford,2010
BMW,Nissan,2011
Ford,Ford,2010
Ford,Buick,1996
Chevrolet,Toyota,2004
Ford,Jeep,1995
Subaru,Hyundai,2009
Geo,Honda,1994
Volkswagen,Kia,2010
Lexus,Pontiac,2004
Chevrolet,Pontiac,2006
Hummer,GMC,1998
Oldsmobile,Pontiac,2003
Land Rover,Suzuki,1995
GMC,Ford,1998
Lexus,Toyota,2006
Fiat,Pontiac,2012
Dodge,Mitsubishi,2007
Lexus,Lexus,2008
Dodge,Buick,2005
Spyker,GMC,2007
Mitsubishi,GMC,2000
Buick,Land Rover,1990
Ford,Mitsubishi,1987
Chrysler,Nissan,2002
Plymouth,Dodge,1992
Hummer,Mercedes-Benz,2009
Toyota,Volkswagen,1996
Jeep,Toyota,2011
Chevrolet,Pontiac,2003
Volkswagen,GMC,1998
Subaru,Acura,1999
Chevrolet,Subaru,1997
Saab,Pontiac,2001
Chrysler,GMC,2001
GMC,Lexus,1997
Lexus,GMC,2011
Mercedes-Benz,Lexus,2002
Ford,Isuzu,1997
Ford,Mazda,1999
Chrysler,Dodge,2004
Toyota,Buick,1976
Chevrolet,Saturn,2004
Honda,Chrysler,2005
Chevrolet,Kia,2012
Mazda,Lincoln,1996
Chevrolet,Mazda,2001
Oldsmobile,Ford,1992
Hyundai,Mitsubishi,2009
Buick,Saturn,1986
Mercury,Toyota,2010
Aston Martin,Toyota,2010
Audi,Land Rover,2009
Mazda,Jeep,2000
Acura,Chevrolet,2002
Volkswagen,Chevrolet,1984
Saturn,Suzuki,1999
Isuzu,Isuzu,2002
Lincoln,Chrysler,1997
Volkswagen,Pontiac,2008
Hummer,Acura,2006
Ford,Acura,1989
Ford,Lincoln,1989
Kia,Aston Martin,2012
Volvo,Mitsubishi,2001
Acura,Dodge,2012
Isuzu,Chevrolet,2006
Mercedes-Benz,Chevrolet,2000
GMC,Volkswagen,2005
Ford,BMW,2012
Toyota,Ford,2006
Hyundai,Ford,2003
Mercedes-Benz,Mazda,2009
Dodge,Pontiac,2005
Cadillac,Volkswagen,2004
Mercedes-Benz,GMC,1993
Plymouth,GMC,1992
Pontiac,Lexus,1990
Hyundai,Ford,2008
Mazda,Ford,1995
Volkswagen,GMC,1999
Ford,Mitsubishi,2013
Plymouth,Toyota,1991
Suzuki,Chevrolet,2007
BMW,Volvo,2011
Volvo,Ford,2009
Kia,Hyundai,2005
Toyota,BMW,1978
Acura,Dodge,2007
Mitsubishi,GMC,1993
Toyota,Plymouth,2009
Pontiac,Saab,1993
Mitsubishi,Chevrolet,2010
Honda,Chevrolet,1998
Ferrari,Jaguar,2006
Mercury,Buick,1994
Chevrolet,Chevrolet,2012
Oldsmobile,Chevrolet,1992
Mazda,Mercedes-Benz,2005
Mercedes-Benz,Infiniti,1992
Acura,Daewoo,1993
Mitsubishi,Pontiac,2008
Nissan,Infiniti,2011
Jensen,Hyundai,1967
Toyota,Aston Martin,2010
BMW,Ford,2010
Ford,Ford,1991
Pontiac,Jaguar,1971
Nissan,Hyundai,2010
Dodge,Audi,1994
Chevrolet,Jeep,1957
Ford,Mercedes-Benz,2008
Ford,Toyota,2008
Dodge,Ford,1992
Dodge,Volvo,2002
Honda,Pontiac,2009
Ford,Suzuki,1972
Chevrolet,Cadillac,2005
Suzuki,Acura,2006
Ford,Acura,2003
Buick,Mazda,1988
Chevrolet,Lotus,1997
Lexus,Kia,2006
BMW,Toyota,2006
Mazda,Pontiac,2001
Dodge,Toyota,1997
Acura,Chrysler,2005
Austin,Hyundai,1964
Mazda,Lexus,2004
Kia,Pontiac,2002
Hyundai,Ford,2001
Maserati,Mitsubishi,1990
Pontiac,Buick,1967
Mazda,Nissan,1991
Toyota,Aston Martin,1995
BMW,Volvo,2009
BMW,BMW,2006
BMW,Land Rover,2008
Cadillac,Dodge,2007
Plymouth,Hummer,1993
Ford,Nissan,2004
Toyota,Chrysler,1998
Toyota,Saturn,2000
Ram,Hyundai,2011
Hyundai,Mitsubishi,2010
Cadillac,Jaguar,2006
Chevrolet,Chevrolet,2004
Chevrolet,Mitsubishi,1963
Lincoln,Suzuki,1991
Toyota,Toyota,1993
Mitsubishi,GMC,1986
Mitsubishi,Toyota,1990
Buick,Kia,1988
Chevrolet,Dodge,1995
Volvo,Mazda,1992
Suzuki,Chevrolet,1986
Subaru,Lexus,1991
Bentley,GMC,2008
Cadillac,Nissan,2006
Pontiac,Buick,1988
Chevrolet,Honda,2011
Suzuki,Mercedes-Benz,1989
Nissan,Mitsubishi,2010
Pontiac,Nissan,1965
Chevrolet,Volvo,2000
Lexus,Chevrolet,2009
Mercedes-Benz,Geo,1998
Cadillac,Mercury,2012
Ford,Pontiac,1997
Audi,Ford,2009
BMW,GMC,2008
GMC,GMC,2007
Ford,Infiniti,1992
Audi,Mazda,1997
Ford,Saab,1966
Toyota,Toyota,1992
Dodge,GMC,2008
Dodge,Cadillac,1995
Volvo,Mitsubishi,1993
Porsche,Mitsubishi,2004
Ford,Chevrolet,2000
Ford,Aston Martin,2010
Chevrolet,Lincoln,2011
Buick,Ford,1994
Volkswagen,Cadillac,1998
Volkswagen,BMW,1995
Bentley,Mazda,2008
Toyota,Chevrolet,1999
Ford,Volkswagen,2012
Volkswagen,Mitsubishi,1993
Dodge,Infiniti,1992
Jaguar,Mercedes-Benz,2001
Mazda,Chevrolet,1986
GMC,Chevrolet,2002
Ford,Hillman,2003
Toyota,Toyota,1997
Toyota,Mercedes-Benz,2004
Eagle,GMC,1992
BMW,Cadillac,2011
Volkswagen,Chevrolet,1991
Ferrari,Cadillac,2008
Buick,Dodge,2012
Buick,Pontiac,1994
Subaru,Volvo,2006
Subaru,Volvo,1996
Lexus,Bentley,2009
Mercury,Ford,1984
Mitsubishi,Mercedes-Benz,2002
Volkswagen,Nissan,2009
Mitsubishi,Buick,1994
Eagle,Subaru,1993
Chevrolet,Acura,1997
Mercedes-Benz,Toyota,2009
Toyota,Lexus,1996
Toyota,Kia,2007
Audi,Dodge,2012
Audi,Oldsmobile,2006
Audi,Acura,2006
Mercury,Audi,2007
Subaru,Porsche,1990
Ford,Infiniti,2008
Dodge,Lamborghini,1969
Volvo,BMW,2002
Audi,Cadillac,2010
Mitsubishi,Dodge,1996
Cadillac,Mercury,2000
Ford,Chevrolet,2004
Jeep,GMC,2003
Subaru,Ford,2005
Dodge,Chevrolet,2008
Chevrolet,Ford,2005
Mercedes-Benz,Lincoln,1999
Nissan,Ford,2008
Chevrolet,Land Rover,2001
Mazda,Volkswagen,1999
Land Rover,GMC,2011
Pontiac,Lamborghini,2008
GMC,Audi,2012
Volkswagen,Cadillac,1994
Pontiac,Infiniti,1993
Toyota,GMC,2000
Volkswagen,Honda,1995
Volkswagen,Hyundai,2002
Buick,Toyota,1987
Mazda,GMC,2006
Ford,Nissan,1997
Oldsmobile,BMW,1999
Chevrolet,Ford,1995
Volvo,Audi,2010
Dodge,Dodge,2008
Suzuki,Jeep,2011
Lincoln,Mazda,2008
Ford,Honda,1996
Pontiac,Buick,2006
Volkswagen,Nissan,2013
Volkswagen,Pontiac,1989
GMC,Ford,1992
Buick,Lincoln,1994
Maserati,Mercedes-Benz,1990
BMW,Chevrolet,2009
Chevrolet,Audi,1999
Infiniti,Mitsubishi,2010
Audi,Mitsubishi,2001
Dodge,Jaguar,1994
GMC,Buick,1998
Mitsubishi,Nissan,2004
Toyota,Buick,1986
Volkswagen,GMC,2005
Ford,Chrysler,2005
Chrysler,Ford,2008
Land Rover,Chrysler,2011
Hyundai,Chevrolet,1992
Mitsubishi,Pontiac,1994
Mercedes-Benz,Dodge,2001
Toyota,Mazda,2006
GMC,Audi,2010
Nissan,Ford,2010
Acura,Saab,2007
BMW,Jeep,2001
Chevrolet,Dodge,2009
Kia,Suzuki,2008
Pontiac,Audi,1979
Nissan,Dodge,2002
Maybach,Toyota,2009
Subaru,Chevrolet,2000
Ferrari,Dodge,2010
Subaru,Mitsubishi,2006
Audi,Acura,1998
Nissan,Dodge,2006
Chevrolet,Nissan,1993
Nissan,Hyundai,1993
Mazda,Mazda,2001
Toyota,Ford,2009
GMC,Pontiac,1994
Dodge,Suzuki,1995
Jaguar,Chevrolet,2001
Toyota,Audi,1995
Volvo,Chevrolet,2010
Honda,Nissan,1997
Chevrolet,Toyota,1996
GMC,GMC,2002
Lexus,Toyota,1989
Lamborghini,Infiniti,1986
Hyundai,Pontiac,2011
GMC,Saturn,2008
GMC,Mercury,2008
Mercury,Dodge,1985
Pontiac,Mitsubishi,1986
Toyota,Pontiac,2000
Geo,Pontiac,1997
Volvo,Hyundai,2006
GMC,Ford,2002
Mercedes-Benz,Dodge,2011
Ford,Plymouth,2008
Ford,Geo,1997
Buick,Lotus,2000
Volvo,Ford,2011
Volkswagen,Alfa Romeo,1999
Scion,Hyundai,2011
Porsche,GMC,2012
Mitsubishi,Land Rover,1986
Mercedes-Benz,Cadillac,1992
Audi,Fiat,2011
Toyota,BMW,1992
Subaru,Toyota,1993
Mercury,Maserati,2005
Buick,Acura,2007
Chevrolet,Ford,2002
MINI,Lexus,2006
Buick,Buick,2008
Dodge,Chevrolet,1992
Subaru,Mercedes-Benz,1997
Mercury,Chevrolet,2009
Dodge,Volvo,2003
Kia,Chevrolet,2006
Mazda,Cadillac,2006
Eagle,Ford,1991
Chrysler,Honda,1993
GMC,Ford,2005
Lamborghini,Mazda,1989
Toyota,Subaru,2009
GMC,Dodge,2013
Mercedes-Benz,Scion,2011
Saab,Mazda,1995
Audi,Mercury,2011
Ford,Chrysler,1993
Chevrolet,Acura,1996
Ford,Mazda,2010
Lexus,Eagle,2011
Mercedes-Benz,Maserati,2012
Nissan,Suzuki,2004
Mazda,GMC,1995
Land Rover,Subaru,1994
Volkswagen,GMC,1984
Cadillac,Volvo,2008
Ford,Infiniti,2003
Audi,Isuzu,2000
Ford,Dodge,2008
Tesla,Chevrolet,2012
Hyundai,Saab,1998
Saab,Infiniti,1986
Nissan,Maybach,2010
Audi,Mazda,2012
Chevrolet,Volkswagen,1999
Chevrolet,Mercedes-Benz,1992
Mazda,GMC,2004
Nissan,Ford,2009
Nissan,Volkswagen,2008
BMW,Pontiac,1999
Mercedes-Benz,Mazda,2010
Jeep,Pontiac,2008
Mitsubishi,Plymouth,2008
Eagle,Porsche,1995
Nissan,Toyota,2006
Nissan,Ford,2009
Volvo,Isuzu,2000
Ford,Volvo,1987
Porsche,Eagle,1993
Toyota,Chevrolet,1994
Maybach,Mazda,2010
Plymouth,Ford,1995
Ford,Jaguar,1992
Mazda,Saab,1987
Dodge,Honda,1994
Cadillac,Plymouth,2006
Lincoln,Mercedes-Benz,2008
Nissan,Lexus,2006
Isuzu,Chevrolet,1999
Lamborghini,Mercury,1992
Volkswagen,Ford,2010
GMC,Ford,1993
Mitsubishi,Mazda,2003
Pontiac,Ford,2009
Lotus,Isuzu,1998
BMW,Jaguar,1999
Volkswagen,Mazda,1992
BMW,Hyundai,2005
GMC,Chevrolet,2010
Toyota,Ford,2010
Mercedes-Benz,Cadillac,2009
Buick,GMC,1986
Acura,BMW,1995
GMC,Chevrolet,2000
Chevrolet,BMW,1997
Mitsubishi,Land Rover,1995
Mazda,Cadillac,2010
Lexus,BMW,2006
Mitsubishi,Audi,2010
Bentley,Hyundai,2010
Honda,Rolls-Royce,2012
Chrysler,Lincoln,1999
Panoz,Mercedes-Benz,2007
Lexus,Isuzu,2010
Bentley,Suzuki,2010
Hyundai,Lamborghini,2002
Mazda,Hummer,1998
Subaru,Lincoln,2005
Acura,Honda,2003
Ford,Mercury,2009
Nissan,Jaguar,2005
Nissan,Land Rover,2002
Mitsubishi,Lotus,1998
Chrysler,Mercedes-Benz,2004
Toyota,Volvo,1995
Nissan,Ford,1993
Ford,Pontiac,2012
Toyota,Mitsubishi,2012
Oldsmobile,Tesla,1998
Saab,Chevrolet,2006
Audi,Hyundai,1991
Mazda,Pontiac,1995
Mercury,Infiniti,2009
Honda,Mercury,1985
Ford,Subaru,2009
Maserati,Mercury,1985
Mercedes-Benz,Cadillac,1993
GMC,Acura,1994
Saturn,Pontiac,2002
Isuzu,Cadillac,1993
Chrysler,Saturn,1994
Mercedes-Benz,Buick,1998
Ford,Pontiac,2006
Ford,Chevrolet,2013
Plymouth,Nissan,2000
Scion,Kia,2008
Ford,Lincoln,1987
Ford,GMC,1996
Mercedes-Benz,Isuzu,2000
Mercedes-Benz,Mitsubishi,1998
GMC,Mitsubishi,1998
Volvo,Toyota,2009
Infiniti,Lincoln,2009
Chevrolet,BMW,1968
Dodge,Volvo,2002
Saturn,Bentley,2002
Mazda,Mercedes-Benz,2007
Saab,Mitsubishi,1993
Lexus,Nissan,1989
Ford,Pontiac,2006
Volvo,Chevrolet,2004
Volvo,Dodge,2011
Pontiac,GMC,2008
Infiniti,Chevrolet,2004
Mitsubishi,Volkswagen,2000
Buick,Honda,1985
Dodge,Cadillac,2006
Chrysler,Chevrolet,2009
Chevrolet,Dodge,2000
Lexus,Mazda,2004
Oldsmobile,Dodge,1997
BMW,Mercury,2005
Suzuki,Oldsmobile,2010
Nissan,Infiniti,1999
Mercedes-Benz,BMW,1986
Isuzu,Lexus,1999
Jaguar,BMW,2003
Volkswagen,Eagle,1984
Chevrolet,Chevrolet,2008
BMW,Lexus,2012
Land Rover,Nissan,2009
Mazda,Volkswagen,1991
Ford,Audi,1998
Volvo,Dodge,2011
Ford,Mercedes-Benz,1996
Jeep,Toyota,2009
Plymouth,Ford,1994
Ford,Audi,1984
GMC,Mitsubishi,2010
Audi,Volkswagen,2012
Suzuki,Toyota,1996
GMC,Jensen,2001
Dodge,Oldsmobile,2002
Mazda,Saturn,2005
Mazda,Maserati,1989
Ford,Ford,1996
Mercedes-Benz,Toyota,2007
Audi,Audi,2007
Jeep,Toyota,1995
Volkswagen,Nissan,1996
Chevrolet,Ford,2003
Hyundai,Chrysler,2007
Suzuki,Ford,2006
Ford,Audi,1994
Suzuki,Toyota,2002
Mazda,Toyota,1996
Ford,Chevrolet,1971
Lincoln,Ford,1995
Pontiac,Plymouth,1993
Honda,Acura,1993
Cadillac,Mitsubishi,2009
Toyota,Pontiac,2009
Chevrolet,Acura,2012
Toyota,Lincoln,1999
Subaru,Infiniti,1994
BMW,Oldsmobile,1993
Nissan,Pontiac,2009
Mitsubishi,BMW,1998
BMW,Isuzu,1997
Ford,BMW,1999
Nissan,BMW,2009
Suzuki,Ford,2003
Acura,Subaru,2012
Honda,Saturn,2002
Audi,Suzuki,2003
Ford,Scion,2010
Pontiac,Chevrolet,2003
Isuzu,Mitsubishi,2003
Chevrolet,Lexus,2006
Pontiac,Buick,1994
Lincoln,Ford,2010
Ford,BMW,1998
Mazda,Ford,2001
Bentley,Kia,2005
Volvo,Mercedes-Benz,2006
Honda,Suzuki,2009
Dodge,Mercury,1996
Audi,Eagle,2009
Toyota,Hyundai,1999
Ford,GMC,2006
Lexus,Chevrolet,2011
Lexus,Mercedes-Benz,2003
BMW,Chevrolet,2005
Mitsubishi,Buick,2006
Ford,Chevrolet,1997
Mitsubishi,Mazda,2006
Chevrolet,Chevrolet,2010
Nissan,Dodge,1999
Ford,BMW,1984
Chevrolet,Mazda,1992
Toyota,Chevrolet,1992
Audi,Land Rover,1994
Ford,Ford,1987
Subaru,Hyundai,2006
Eagle,Jaguar,1995
Pontiac,Volvo,2002
Dodge,Ford,1997
Kia,Oldsmobile,2006
Mazda,Dodge,1994
Kia,Volkswagen,2005
Porsche,Volvo,2011
Saturn,Cadillac,2007
Pontiac,Mitsubishi,1965
Pontiac,Hummer,1983
Cadillac,Pontiac,2009
Saab,Dodge,1985
Chevrolet,Lamborghini,2007
Dodge,Ford,1994
Ford,Isuzu,2010
Chevrolet,Ford,1975
Plymouth,Land Rover,1989
Cadillac,Lexus,1954
Suzuki,Cadillac,1984
GMC,Volvo,2009
Jeep,Jeep,2009
Infiniti,Buick,2008
Ford,Honda,1994
Volvo,Dodge,2007
BMW,Dodge,2012
Mazda,Chevrolet,2000
Chevrolet,Porsche,2004
Volvo,GMC,2009
Infiniti,Chevrolet,2010
Ford,Dodge,1996
Mercedes-Benz,Pontiac,2009
Chevrolet,Saab,2001
Mercury,Honda,2006
Jeep,BMW,2002
Volkswagen,Mazda,1997
Toyota,Audi,2006
Chevrolet,Mitsubishi,1993
Lincoln,Dodge,2005
Volvo,Ford,2003
BMW,Toyota,2000
Mazda,Acura,2000
Ford,Cadillac,1964
Ford,Honda,1996
Ford,Pontiac,1990
GMC,Volkswagen,2003
Lexus,Toyota,1999
Toyota,Volvo,2004
Mazda,Mercury,1994
Chevrolet,Lexus,1997
Isuzu,Chevrolet,1995
Toyota,GMC,2005
Mazda,Honda,2011
Toyota,Audi,2001
Audi,Acura,2001
Ram,Lotus,2011
Chevrolet,Chevrolet,2000
Lincoln,Volkswagen,2007
Suzuki,Volvo,2005
Ford,Chevrolet,2007
Acura,Mitsubishi,1993
Mazda,Kia,1998
Honda,Lincoln,2002
Lincoln,Mitsubishi,1986
Volkswagen,Ford,2002
Ford,Toyota,1996
Lotus,Suzuki,1993
Lincoln,Volkswagen,2001
Suzuki,Mazda,2008
Hyundai,Mitsubishi,2007
GMC,Ford,2002
Suzuki,Dodge,1989
Dodge,Ford,2006
Jaguar,Hyundai,2010
Isuzu,Toyota,1993
Lexus,Lexus,1994
Nissan,Buick,1999
Kia,Ford,2010
Mitsubishi,Chevrolet,1999
Mercedes-Benz,Ford,1985
Pontiac,Mazda,1984
Kia,Ford,2007
Buick,Toyota,1993
Ram,Cadillac,2012
Corbin,Kia,2004
Mazda,Kia,1986
Buick,Suzuki,1995
Lexus,Pontiac,1996
Dodge,Volvo,2011
Subaru,Volkswagen,2006
Nissan,Chevrolet,2012
Aston Martin,Land Rover,2010
Mitsubishi,Chevrolet,1987
Subaru,Nissan,2008
Lexus,Maserati,2001
Mercury,GMC,2000
GMC,Pontiac,1994
Toyota,Lexus,1996
Cadillac,Volvo,2011
Dodge,Ford,2007
Volvo,Land Rover,2000
Ford,Chrysler,2011
Hummer,Kia,2010
Oldsmobile,Toyota,2002
Volvo,Ford,1999
Volvo,Ford,1992